subreddit,permalink,score,num_comments,title,body_text,image_url
IndiaTech,https://old.reddit.com/r/IndiaTech/comments/1nu7cyk/they_knew_what_they_were_doing/,22192,451,They knew what they were doing,,
IndiaTech,https://old.reddit.com/r/IndiaTech/comments/1ltns1g/well_who_knows/,19444,197,well who knows,,https://i.redd.it/2vt5hlpvkebf1.png
IndiaTech,https://old.reddit.com/r/IndiaTech/comments/1lmq1xr/no_lies_detected/,16530,172,No lies detected!,,https://i.redd.it/rjrodb65wo9f1.jpeg
IndiaTech,https://old.reddit.com/r/IndiaTech/comments/1o3u8fg/we_couldnt_forsee_this_simple_idea_would_be_a/,15797,220,We couldn't forsee this simple idea would be a giant success,,https://i.redd.it/v1swd3wj6huf1.jpeg
IndiaTech,https://old.reddit.com/r/IndiaTech/comments/1ibxwhy/meanwhile_in_vishwaguruland/,15700,241,Meanwhile in Vishwaguru-land,,https://i.redd.it/prcfjbacfpfe1.png
IndiaTech,https://old.reddit.com/r/IndiaTech/comments/1p6521f/one_of_the_goats/,15567,308,One of the Goats,,https://i.redd.it/np2kkp9rhc3g1.jpeg
IndiaTech,https://old.reddit.com/r/IndiaTech/comments/1jnx4oz/i_remember_when_mx_player_was_comparable_to_vlc/,14784,217,I remember when Mx player was comparable to VLC. But now it's truly shit . Still VLC is purely great!,,https://i.redd.it/0zmdfgqq1zre1.jpeg
IndiaTech,https://old.reddit.com/r/IndiaTech/comments/1jhsyfm/this_is_too_much/,14692,1209,This is too much!,Why isn‚Äôt YouTube taking action against them?,https://i.redd.it/33vbm199udqe1.jpeg
IndiaTech,https://old.reddit.com/r/IndiaTech/comments/1p1xlka/a_warrior_has_fallen_today/,13758,737,A warrior has fallen today,Type F to pay respects.,https://i.redd.it/j023hm6gdd2g1.png
IndiaTech,https://old.reddit.com/r/IndiaTech/comments/1lk08m6/whats_another_piece_of_technology_that_has/,13257,1281,What‚Äôs another piece of technology that has reached it‚Äôs final form?,,https://i.redd.it/3sdeaz6ua19f1.jpeg
IndiaTech,https://old.reddit.com/r/IndiaTech/comments/1pn3uh2/whoever_created_ilovepdf_thank_you/,13211,309,"Whoever created ilovepdf, Thank you.",,https://i.redd.it/xm5ly6hbec7g1.jpeg
IndiaTech,https://old.reddit.com/r/IndiaTech/comments/1lt0ah9/software_so_legendary_even_the_traffic_cone/,12912,232,"Software so legendary, even the traffic cone became a global icon",,https://i.redd.it/csr21ivs19bf1.jpeg
IndiaTech,https://old.reddit.com/r/IndiaTech/comments/1lcotei/well_played_rapido/,10938,327,"Well played, Rapido",Source,https://i.redd.it/r3broc4bi97f1.jpeg
IndiaTech,https://old.reddit.com/r/IndiaTech/comments/1jsm99y/xiaomis_founder_lei_jun_then_vs_now/,10938,277,Xiaomi's founder Lei Jun then VS now,,
IndiaTech,https://old.reddit.com/r/IndiaTech/comments/1m12ipb/what_another_app_is_it_for_you/,10412,1208,What another app is it for you?,,https://i.redd.it/aqxwmkalq5df1.jpeg
IndiaTech,https://old.reddit.com/r/IndiaTech/comments/1lel2um/this_shouldnt_be_allowed_this_is_unfair_and_cruel/,10042,778,This shouldn't be allowed. This is unfair and cruel.,,https://i.redd.it/q44q6ec9mp7f1.png
IndiaTech,https://old.reddit.com/r/IndiaTech/comments/1kw0sqv/byjus_app_removed_from_playstore/,9893,429,Byjus app removed from playstore,,https://i.redd.it/hu9be43rz53f1.jpeg
IndiaTech,https://old.reddit.com/r/IndiaTech/comments/1pjyybk/the_real_flex/,9725,72,The real flex,,https://i.redd.it/d2yrx25i5l6g1.jpeg
IndiaTech,https://old.reddit.com/r/IndiaTech/comments/1l9gtrh/it_puts_the_official_irctc_app_to_shame/,9698,280,It puts the official Irctc app to shame.,,https://i.redd.it/ozzhik0ydg6f1.png
IndiaTech,https://old.reddit.com/r/IndiaTech/comments/1k166xi/lets_be_real_we_all_have_done_it_atleast_once/,9651,64,Let's be real we all have done it atleast once.,,https://i.redd.it/h3tzmjufacve1.jpeg
IndiaTech,https://old.reddit.com/r/IndiaTech/comments/1ibb5sc/indeed/,9342,206,Indeed..,,https://i.redd.it/9bjy8n1nxjfe1.png
IndiaTech,https://old.reddit.com/r/IndiaTech/comments/1jv3q0s/bro_had_a_premium_membership/,9323,44,Bro had a premium membership !!,,https://i.redd.it/6hx7lr52rste1.png
IndiaTech,https://old.reddit.com/r/IndiaTech/comments/1j5f7s0/chatgpt_cooked/,9269,409,ChatGPT cooked,,https://i.redd.it/vm66d71r27ne1.png
IndiaTech,https://old.reddit.com/r/IndiaTech/comments/1lpn6w7/thats_when_my_8_yr_old_ass_realized_i_fucked_up/,9223,357,That‚Äôs when my 8 yr old ass realized I fucked up.,,https://i.redd.it/aq0k7yvp6eaf1.jpeg
IndiaTech,https://old.reddit.com/r/IndiaTech/comments/1olnex0/my_sis_got_a_21_minute_unskippable_ad_on_youtube/,9030,535,My sis got a 21 minute unskippable ad on YouTube.,,https://i.redd.it/ou7smm67anyf1.jpeg
IndiaTech,https://old.reddit.com/r/IndiaTech/comments/1ijvuqq/friends_mouse_died_we_had_a_funeral/,8984,173,Friend's mouse died. We had a funeral,,https://i.redd.it/admbtitx5qhe1.jpeg
IndiaTech,https://old.reddit.com/r/IndiaTech/comments/1jlmy82/solid_advertisement/,8709,450,Solid Advertisement,OC,https://i.redd.it/uulv21u9ycre1.jpeg
IndiaTech,https://old.reddit.com/r/IndiaTech/comments/1mara24/old_telegram_is_everything_app/,8667,303,Old Telegram is everything app.,,https://i.redd.it/kf3tu29t5gff1.jpeg
IndiaTech,https://old.reddit.com/r/IndiaTech/comments/1ju2r14/when_phones_had_sould_before_touchscreen_took_over/,8499,223,When phone's had sould before touchscreen took over...,I miss the old days. At least back then every company put their own flavor into phone design. Now they‚Äôre all the same metal glass slab. In those days this made me fall in love with tech!,
IndiaTech,https://old.reddit.com/r/IndiaTech/comments/1omcbad/you_cant_disagree_with_this/,8435,589,You can't disagree with this,,https://i.redd.it/g1b46u6m3tyf1.jpeg
IndiaTech,https://old.reddit.com/r/IndiaTech/comments/1p0hpil/lol/,8346,73,LolüòÇ,,https://i.redd.it/7xgqzqnet12g1.png
IndiaTech,https://old.reddit.com/r/IndiaTech/comments/1poj1tl/rekhaji_thinks_too_much_about_us/,8308,93,RekhaJi thinks too much about us!,"take it as a meme, just like AiQ /s",
IndiaTech,https://old.reddit.com/r/IndiaTech/comments/1oou5mv/the_illusion_of_choice/,8070,520,The illusion of choice!!!,,https://i.redd.it/v8sktek9fdzf1.jpeg
IndiaTech,https://old.reddit.com/r/IndiaTech/comments/1hr3nvb/biker_tries_to_hide_number_plate_kerala_cop_pulls/,7731,276,"Biker tries to hide number plate, Kerala cop pulls out S24 Ultra camera",,
IndiaTech,https://old.reddit.com/r/IndiaTech/comments/1prhicd/once_you_try_gestures_theres_no_going_back_to/,7682,616,"once you try gestures, there's no going back to buttons",your take?,https://i.redd.it/jcudlws8sd8g1.jpeg
IndiaTech,https://old.reddit.com/r/IndiaTech/comments/1it7ov8/thats_some_user_experience/,7653,106,That's some user experience,,
IndiaTech,https://old.reddit.com/r/IndiaTech/comments/1pb3ktx/this_is_why_india_doesnt_innovate/,7648,490,This is why India doesn't innovate,"You know why our country doesn‚Äôt do much innovation? It‚Äôs because we actively discourage it instead of encouraging and applauding it.
This news about a 17-year-old boy from UP making a robot went viral, and suddenly every wannabe intellectual on social media started trolling him, saying it‚Äôs just a mannequin and questioning why the media is hyping it.
Well, no one was hyping it. No one said the boy made something on the level of Unitree‚Äôs humanoid robots. The point was that he was a below-middle-class boy from a village, studying in a simple school, and he still made that robot without any resources or formal training. He was completely self-taught.
Sure, it had no commercial use. But should kids only build something if it has commercial value? If a multibillion-dollar company made it and tried to sell it, the reaction would have been justified. But he wasn‚Äôt trying to sell it or anything.
Do you even know what your act of clowning on that boy and his robot does? It sends a message to millions of Indian children who are active on social media that if they create something that‚Äôs not state-of-the-art, people will troll them and laugh at them. It tells them that making things isn‚Äôt cool but roasting people who make imperfect things is what‚Äôs considered cool.
Why did the media cover this?
So you‚Äôre okay with the media covering fraud babas all day, but you have a problem when they cover a village boy‚Äôs rough, homemade project that could inspire many others like him? Even for that boy, a bit of encouragement might have pushed him to pursue higher studies in robotics or even start a robotics company in the future.
Something similar happened to a Karnataka boy who made a rough prototype of a drone taxi .People on the internet clowned on him too.
This is the reason talent leaves India. You people are very reason, while blaming everything else for it.",https://i.redd.it/3c1uwlqmui4g1.jpeg
IndiaTech,https://old.reddit.com/r/IndiaTech/comments/1h8mxae/indian_customers_are_too_easy_to_fraud/,7296,900,Indian customers are too easy to fraud,,https://i.redd.it/s0ozdja3kd5e1.jpeg
IndiaTech,https://old.reddit.com/r/IndiaTech/comments/1lb6k7k/what_the_fuck/,7241,424,What the fuck?,"Goa's tourism is already declining and yet the govt wants to support the local taxi mafia.
No wonder people are choosing other places over Goa for vacations.",https://i.redd.it/n91svrw5pv6f1.png
IndiaTech,https://old.reddit.com/r/IndiaTech/comments/1pc9ltc/whats_your_take_on_this/,7193,266,What‚Äôs your take on this?,,https://i.redd.it/ev93oeivus4g1.jpeg
IndiaTech,https://old.reddit.com/r/IndiaTech/comments/1kleuba/drop_some_alternatives/,7178,1049,Drop some alternatives,,https://i.redd.it/7xsbo4l4rh0f1.jpeg
IndiaTech,https://old.reddit.com/r/IndiaTech/comments/1ikgsx1/been_missing_it_too_much/,7101,176,Been missing it too much,,https://i.redd.it/1gq98zzwxuhe1.jpeg
IndiaTech,https://old.reddit.com/r/IndiaTech/comments/1hfjktz/isnt_this_practice_illegal/,7076,192,isn't this practice illegal?,,https://i.redd.it/1r2m4jhcu77e1.png
IndiaTech,https://old.reddit.com/r/IndiaTech/comments/1o9le6t/google_is_the_internet_right/,6984,190,Google is the Internet - Right?,,https://i.redd.it/b5xaxv2xhsvf1.jpeg
IndiaTech,https://old.reddit.com/r/IndiaTech/comments/1l3sajg/what_are_some_tech_devices_apps_you_think_people/,6936,359,What are some tech devices/ apps you think people take for granted?,,https://i.redd.it/slqmr3poz15f1.jpeg
IndiaTech,https://old.reddit.com/r/IndiaTech/comments/1k6ify0/still_going_strong_with_it/,6930,84,Still going strong with it.,,https://i.redd.it/ayesyr8qbpwe1.jpeg
IndiaTech,https://old.reddit.com/r/IndiaTech/comments/1ii5cob/what_this_bollywoodiyas_have_to_do_with_ai/,6889,132,What this bollywoodiyas have to do with AI?,,https://i.redd.it/1m7zoyta4ahe1.jpeg
IndiaTech,https://old.reddit.com/r/IndiaTech/comments/17aj16l/these_guys_set_up_a_virtual_reality_center_in_a/,6845,170,These guys set up a Virtual reality center in a village in Karnataka,,
IndiaTech,https://old.reddit.com/r/IndiaTech/comments/1pdqyai/deep_down_we_all_know_google_trained_its_image/,6790,129,Deep down we all know Google trained its image generation AI using Google Photos‚Ä¶ but we just can‚Äôt prove it.,"I swear every time I see a new AI image from Google, there‚Äôs this weird d√©j√† vu moment.
The poses, the lighting, the random vacation-style smiling family‚Ä¶ it‚Äôs like my old Google Photos library got reincarnated as a model weight.
Like let‚Äôs be real:
Google collected billions of ultra-high-quality images for over a decade, neatly labeled with dates, faces, locations, context, even automatic tags. We all happily fed it our pets, sunsets, food pics, wedding albums, baby photos, memes‚Ä¶ and Google said: ‚ÄúThanks, we‚Äôll improve Search ‚ò∫Ô∏è‚Äù.
Fast forward to 2024‚Äì2025 and suddenly Google‚Äôs image generation is skipping ahead like it has the entire world‚Äôs photo history as a training ground.
But of course, they‚Äôll never admit it.
Terms & Conditions? ‚ÄúWe do not use your photos for advertising.‚Äù
Cool, but AI training isn‚Äôt advertising.
Deep down we all know what happened‚Ä¶
but we just can‚Äôt prove it.
(Edit using Chatgpt)",https://i.redd.it/dcbyrqrba45g1.png
IndiaTech,https://old.reddit.com/r/IndiaTech/comments/1iptno2/might_be_90_hours_work_designer/,6774,69,Might be 90 hours work designer,,
IndiaTech,https://old.reddit.com/r/IndiaTech/comments/16xomx4/rayban_meta_smart_glasses_the_future_is_here/,6615,245,"Ray-Ban Meta smart glasses, The future is here.",,
IndiaTech,https://old.reddit.com/r/IndiaTech/comments/1hmmlsk/good_old_days/,6551,204,Good Old Days...!!,,https://i.redd.it/4bl7b0poi69e1.png
IndiaTech,https://old.reddit.com/r/IndiaTech/comments/1lvg3j3/utorrent_and_vlc/,6524,125,UTORRENT AND VLC.,,https://i.redd.it/cgtb955x0ubf1.jpeg
IndiaTech,https://old.reddit.com/r/IndiaTech/comments/1hx4x76/top_10_betrayals_of_all_time/,6427,59,Top 10 betrayals of all time,,https://i.redd.it/xeu3nhcadwbe1.png
IndiaTech,https://old.reddit.com/r/IndiaTech/comments/1hyrfzi/ordered_a_cheap_earphone_got_this_with_it_they/,6352,296,Ordered a cheap earphone & Got this with it. They think they can bribe me for 5 star rating.,"The sound quality was pretty great, I give it a 5/5.",https://i.redd.it/23mw5188qbce1.jpeg
IndiaTech,https://old.reddit.com/r/IndiaTech/comments/1oiv10l/_/,6328,34,:),,https://i.redd.it/8zg5h8yw7zxf1.png
IndiaTech,https://old.reddit.com/r/IndiaTech/comments/1i3bjax/checkmate_google/,6289,258,Checkmate Google,,
IndiaTech,https://old.reddit.com/r/IndiaTech/comments/1ofvxcv/alakh_pandey_sirs_reply_to_raspberrypi_controversy/,6218,330,Alakh Pandey Sir's Reply to Raspberry-Pi Controversy,,
IndiaTech,https://old.reddit.com/r/IndiaTech/comments/1lgrrjy/indian_techie_says_worklife_balance_is_a_reality/,6196,352,Indian techie says 'Work-Life Balance is a Reality' in Sweden: 'We wrap up by 4pm.',And then we hear news from states like Karnataka where they are increasing work hours,
IndiaTech,https://old.reddit.com/r/IndiaTech/comments/1lw33s8/grok_is_with_us_guys/,6139,120,Grok is with us guys üòÖ,,"['https://preview.redd.it/duolrp0jzybf1.jpg?width=108&crop=smart&auto=webp&s=42948b904abc9ca44cbd6e4bdb1471e347f6a71a', 'https://preview.redd.it/uuhi1j0jzybf1.jpg?width=108&crop=smart&auto=webp&s=39dc87761a3fc98458f17dbd4fd7180c2c38e095']"
IndiaTech,https://old.reddit.com/r/IndiaTech/comments/1opmnt3/can_someone_explain_in_simple_terms_why_this/,6136,542,Can someone explain in simple terms why this happens?,,https://i.redd.it/5ydkyilwpjzf1.png
IndiaTech,https://old.reddit.com/r/IndiaTech/comments/1k8593f/i_couldnt_think_of_a_funny_caption_mb/,6092,51,I couldn't think of a funny caption mb,,https://i.redd.it/sii1v3dm24xe1.jpeg
IndiaTech,https://old.reddit.com/r/IndiaTech/comments/1etg4be/googles_add_me_take_one_with_the_group_then_swap/,6081,239,"Google's 'Add Me' - Take one with the group, then swap in the photographer and both pictures will be merged together",,
IndiaTech,https://old.reddit.com/r/IndiaTech/comments/1hipsi3/what_do_you_guys_think/,6065,231,What do you guys think?,,https://i.redd.it/hj033zsan18e1.jpeg
IndiaTech,https://old.reddit.com/r/IndiaTech/comments/1nbq9lb/advanced_innovation/,6021,204,Advanced Innovation,,https://i.redd.it/l5wc49u4iynf1.jpeg
IndiaTech,https://old.reddit.com/r/IndiaTech/comments/1k9ow8d/always_use_original_products/,6013,67,Always use original products!,,https://i.redd.it/b7f6pm4drixe1.jpeg
IndiaTech,https://old.reddit.com/r/IndiaTech/comments/1o5bigb/finally_we_got_a_great_feature_in_gmail/,5999,67,Finally we got a great feature in gmail,"Source:
https://x.com/Cartidise/status/1977269142320279805",https://i.redd.it/b190025jhtuf1.png
IndiaTech,https://old.reddit.com/r/IndiaTech/comments/1p1z9l5/legacy_will_continue/,5924,76,legacy will continue.,,https://i.redd.it/bxizl7z5xd2g1.jpeg
IndiaTech,https://old.reddit.com/r/IndiaTech/comments/1hrwvwz/ghadi_china_se_video_usa_se/,5917,246,"Ghadi China se, Video USA se",,https://i.redd.it/jmr9c452slae1.jpeg
IndiaTech,https://old.reddit.com/r/IndiaTech/comments/1nt7slf/they_murdered_my_boi/,5913,129,They murdered my boi,,https://i.redd.it/llpb2sbxw0sf1.jpeg
IndiaTech,https://old.reddit.com/r/IndiaTech/comments/1fr5vqi/i_feel_bad_for_him_though/,5897,204,i feel bad for him though,,https://i.redd.it/zj8f5fdn3hrd1.jpeg
IndiaTech,https://old.reddit.com/r/IndiaTech/comments/1jgh4zd/i_had_enough_of_this_bhaiyadidi_teachers_so_i_got/,5806,193,"I had enough of this bhaiya-didi teachers, so I got Narendra Modi to teach me programming",,https://i.redd.it/ugfqva92r1qe1.png
IndiaTech,https://old.reddit.com/r/IndiaTech/comments/1foqial/damn_marques/,5613,252,Damn Marques,,https://i.redd.it/cmeptl95duqd1.jpeg
IndiaTech,https://old.reddit.com/r/IndiaTech/comments/1nw0062/galaxy_ai_scroll_for_the_original_picture/,5517,335,Galaxy AIüíÄ | Scroll for the original picture,,"['https://preview.redd.it/167kc8dddosf1.jpg?width=108&crop=smart&auto=webp&s=e1f297e998ccfabf8ab41a9dec17187c5489f587', 'https://preview.redd.it/kp6jn8dddosf1.jpg?width=108&crop=smart&auto=webp&s=c711507158b08221405eec4f00c651ea63de64ca']"
IndiaTech,https://old.reddit.com/r/IndiaTech/comments/1i5t8ny/did_not_know_that_the_s24_ultra_could_zoom_so/,5497,79,Did not know that the S24 ultra could zoom so well in video too...,,
IndiaTech,https://old.reddit.com/r/IndiaTech/comments/1ira6wo/trai_bans_ten_digit_mobile_numbers_for/,5491,129,TRAI bans ten digit mobile numbers for telemarketing,,https://i.redd.it/u6gpfhg99mje1.png
IndiaTech,https://old.reddit.com/r/IndiaTech/comments/1gojwf0/how_many_people_actually_use_brave/,5483,717,How many people actually use Brave?,,https://i.redd.it/qpp9wezj970e1.png
IndiaTech,https://old.reddit.com/r/IndiaTech/comments/1ildkox/they_are_legends/,5431,149,They are legends!,,https://i.redd.it/vawaktnaw3ie1.jpeg
IndiaTech,https://old.reddit.com/r/IndiaTech/comments/1812tjl/imagine_how_this_will_be_in_1020_years_time/,5319,386,Imagine how this will be in 10-20 years time,,
IndiaTech,https://old.reddit.com/r/IndiaTech/comments/1jpf987/the_first_ever_google_pixel_made_in_india/,5278,136,The first ever Google Pixel made in India,,https://i.redd.it/ceqsh89eccse1.jpeg
IndiaTech,https://old.reddit.com/r/IndiaTech/comments/1j6davv/hows_mukesh_ambani_going_to_update_the_logo_on_my/,5230,169,How's mukesh Ambani going to update the logo on my tv remote?,Few things can't be changed. One of them is hotstar logo on my tv remote. Didn't Ambani thought of it?  Is there a way he can retrofit the logo? he might want to give free remotes with update logo.,https://i.redd.it/09wox64qlfne1.png
IndiaTech,https://old.reddit.com/r/IndiaTech/comments/1llmmlb/more_users_than_population/,5219,49,More users than population,,
IndiaTech,https://old.reddit.com/r/IndiaTech/comments/1nnbhvl/chatgpt/,5193,56,Chatgpt ü•≤,,https://i.redd.it/6ym7ydz5umqf1.jpeg
IndiaTech,https://old.reddit.com/r/IndiaTech/comments/1e1cafs/at_what_age_did_you_get_your_first_smartphone/,5127,524,At what age did you get your first Smartphone? What was it ?,,
IndiaTech,https://old.reddit.com/r/IndiaTech/comments/1o7vrrb/twitter_user_made_an_opposite_of_adblocker/,5097,61,Twitter user made an opposite of adblocker.,,https://i.redd.it/hlkucik38evf1.jpeg
IndiaTech,https://old.reddit.com/r/IndiaTech/comments/1orlid2/all_got_partners_cmon_do_something_vi/,5066,210,"All got partners, c'mon, do something VI",,https://i.redd.it/dm5hrl5q800g1.png
IndiaTech,https://old.reddit.com/r/IndiaTech/comments/185pnky/ai_film_making_are_about_to_become_incredible/,5001,90,AI & film making are about to become incredible,,
IndiaTech,https://old.reddit.com/r/IndiaTech/comments/1jzig45/sad_state_of_indian_startups/,4989,204,Sad state of Indian Startups.,,
IndiaTech,https://old.reddit.com/r/IndiaTech/comments/1p0a2m4/is_cloudflare_down_every_where/,4952,805,Is Cloudflare down every where?,"Does anyone know the reason why it's down almost every where??? ü§î ‚ùì
It's been more than 20mins since I first saw this error.
Most of the websites using Cloudflare are down ü§îü§î","['https://preview.redd.it/15mg2gsf902g1.png?width=108&crop=smart&auto=webp&s=de77512e244ae448ade093b588ccf88cbfe050f3', 'https://preview.redd.it/d9crqr2g902g1.png?width=108&crop=smart&auto=webp&s=fa6fd018ce2876c76e8b8c2d325153c7ea651c6e']"
IndiaTech,https://old.reddit.com/r/IndiaTech/comments/1kn41v3/its_high_time_india_should_start_their_own/,4863,541,Its high time India should start their own startup now,,https://i.redd.it/ogbee4751x0f1.png
IndiaTech,https://old.reddit.com/r/IndiaTech/comments/1iehhi3/freaky_deepseeek/,4853,75,Freaky deepseeek,,https://i.redd.it/gs4jektsmcge1.jpeg
IndiaTech,https://old.reddit.com/r/IndiaTech/comments/1mcj9jz/gaslighting_began_here/,4847,67,Gaslighting began here.,,https://i.redd.it/6ptykdztvuff1.jpeg
IndiaTech,https://old.reddit.com/r/IndiaTech/comments/1nclzo2/i_love_open_source_software/,4819,164,I love open source software,,https://i.redd.it/okpgp8ulq5of1.jpeg
IndiaTech,https://old.reddit.com/r/IndiaTech/comments/1p5dx6t/the_story_behind_why_netflix_built_fastcom/,4764,82,the story behind why netflix built fast.com,https://x.com/the2ndfloorguy/status/1992704364289618217,https://i.redd.it/21tfk360q63g1.png
IndiaTech,https://old.reddit.com/r/IndiaTech/comments/1on18u4/when_you_finally_realize_every_new_browser_is/,4757,277,When you finally realize every ‚ÄòNew browser‚Äô is just a Chromium skin except Firefox,,https://i.redd.it/dq2icx54nyyf1.jpeg
IndiaTech,https://old.reddit.com/r/IndiaTech/comments/1pjt657/sorry_but_this_my_exact_same_experience/,4730,301,Sorry but this my exact same experience,,https://i.redd.it/s5fm7ok1lj6g1.jpeg
IndiaTech,https://old.reddit.com/r/IndiaTech/comments/1kajzay/bengaluru_guy_uses_chatgpt_in_kannada_to_bargain/,4722,159,Bengaluru Guy uses chatgpt in Kannada to bargain with the auto driver.,,
IndiaTech,https://old.reddit.com/r/IndiaTech/comments/1kzlbrx/first_made_in_india_chip_rolling_out_this_year/,4719,393,First made in India chip rolling out this year.,,https://i.redd.it/nfxhp9f2u04f1.jpeg
IndiaTech,https://old.reddit.com/r/IndiaTech/comments/1j7y47n/this_new_emoji_has_so_much_potential/,4722,226,This new emoji has so much potential,,https://i.redd.it/zmqjn5782vne1.jpeg
IndiaTech,https://old.reddit.com/r/IndiaTech/comments/1f01srr/yeah_its_true/,4671,72,Yeah its True ??,,https://i.redd.it/bqeuhmng5lkd1.jpeg
IndiaTech,https://old.reddit.com/r/IndiaTech/comments/1dku8no/smart_glasses_that_capture_realtime_subtitles_for/,2577,87,Smart glasses that capture real-time subtitles for deaf people,,
IndiaTech,https://old.reddit.com/r/IndiaTech/comments/1nu7cyk/they_knew_what_they_were_doing/,22194,451,They knew what they were doing,,
IndiaTech,https://old.reddit.com/r/IndiaTech/comments/1ltns1g/well_who_knows/,19444,197,well who knows,,https://i.redd.it/2vt5hlpvkebf1.png
IndiaTech,https://old.reddit.com/r/IndiaTech/comments/1lmq1xr/no_lies_detected/,16529,172,No lies detected!,,https://i.redd.it/rjrodb65wo9f1.jpeg
IndiaTech,https://old.reddit.com/r/IndiaTech/comments/1o3u8fg/we_couldnt_forsee_this_simple_idea_would_be_a/,15799,220,We couldn't forsee this simple idea would be a giant success,,https://i.redd.it/v1swd3wj6huf1.jpeg
IndiaTech,https://old.reddit.com/r/IndiaTech/comments/1ibxwhy/meanwhile_in_vishwaguruland/,15701,241,Meanwhile in Vishwaguru-land,,https://i.redd.it/prcfjbacfpfe1.png
IndiaTech,https://old.reddit.com/r/IndiaTech/comments/1p6521f/one_of_the_goats/,15570,308,One of the Goats,,https://i.redd.it/np2kkp9rhc3g1.jpeg
IndiaTech,https://old.reddit.com/r/IndiaTech/comments/1jnx4oz/i_remember_when_mx_player_was_comparable_to_vlc/,14779,217,I remember when Mx player was comparable to VLC. But now it's truly shit . Still VLC is purely great!,,https://i.redd.it/0zmdfgqq1zre1.jpeg
IndiaTech,https://old.reddit.com/r/IndiaTech/comments/1jhsyfm/this_is_too_much/,14686,1209,This is too much!,Why isn‚Äôt YouTube taking action against them?,https://i.redd.it/33vbm199udqe1.jpeg
IndiaTech,https://old.reddit.com/r/IndiaTech/comments/1p1xlka/a_warrior_has_fallen_today/,13758,737,A warrior has fallen today,Type F to pay respects.,https://i.redd.it/j023hm6gdd2g1.png
IndiaTech,https://old.reddit.com/r/IndiaTech/comments/1lk08m6/whats_another_piece_of_technology_that_has/,13253,1281,What‚Äôs another piece of technology that has reached it‚Äôs final form?,,https://i.redd.it/3sdeaz6ua19f1.jpeg
IndiaTech,https://old.reddit.com/r/IndiaTech/comments/1pn3uh2/whoever_created_ilovepdf_thank_you/,13211,309,"Whoever created ilovepdf, Thank you.",,https://i.redd.it/xm5ly6hbec7g1.jpeg
IndiaTech,https://old.reddit.com/r/IndiaTech/comments/1lt0ah9/software_so_legendary_even_the_traffic_cone/,12902,232,"Software so legendary, even the traffic cone became a global icon",,https://i.redd.it/csr21ivs19bf1.jpeg
IndiaTech,https://old.reddit.com/r/IndiaTech/comments/1lcotei/well_played_rapido/,10934,327,"Well played, Rapido",Source,https://i.redd.it/r3broc4bi97f1.jpeg
IndiaTech,https://old.reddit.com/r/IndiaTech/comments/1jsm99y/xiaomis_founder_lei_jun_then_vs_now/,10931,277,Xiaomi's founder Lei Jun then VS now,,
IndiaTech,https://old.reddit.com/r/IndiaTech/comments/1m12ipb/what_another_app_is_it_for_you/,10418,1208,What another app is it for you?,,https://i.redd.it/aqxwmkalq5df1.jpeg
IndiaTech,https://old.reddit.com/r/IndiaTech/comments/1lel2um/this_shouldnt_be_allowed_this_is_unfair_and_cruel/,10048,778,This shouldn't be allowed. This is unfair and cruel.,,https://i.redd.it/q44q6ec9mp7f1.png
IndiaTech,https://old.reddit.com/r/IndiaTech/comments/1kw0sqv/byjus_app_removed_from_playstore/,9890,429,Byjus app removed from playstore,,https://i.redd.it/hu9be43rz53f1.jpeg
IndiaTech,https://old.reddit.com/r/IndiaTech/comments/1pjyybk/the_real_flex/,9731,72,The real flex,,https://i.redd.it/d2yrx25i5l6g1.jpeg
IndiaTech,https://old.reddit.com/r/IndiaTech/comments/1l9gtrh/it_puts_the_official_irctc_app_to_shame/,9704,280,It puts the official Irctc app to shame.,,https://i.redd.it/ozzhik0ydg6f1.png
IndiaTech,https://old.reddit.com/r/IndiaTech/comments/1k166xi/lets_be_real_we_all_have_done_it_atleast_once/,9654,64,Let's be real we all have done it atleast once.,,https://i.redd.it/h3tzmjufacve1.jpeg
IndiaTech,https://old.reddit.com/r/IndiaTech/comments/1ibb5sc/indeed/,9339,206,Indeed..,,https://i.redd.it/9bjy8n1nxjfe1.png
IndiaTech,https://old.reddit.com/r/IndiaTech/comments/1jv3q0s/bro_had_a_premium_membership/,9327,44,Bro had a premium membership !!,,https://i.redd.it/6hx7lr52rste1.png
IndiaTech,https://old.reddit.com/r/IndiaTech/comments/1j5f7s0/chatgpt_cooked/,9266,409,ChatGPT cooked,,https://i.redd.it/vm66d71r27ne1.png
IndiaTech,https://old.reddit.com/r/IndiaTech/comments/1lpn6w7/thats_when_my_8_yr_old_ass_realized_i_fucked_up/,9230,357,That‚Äôs when my 8 yr old ass realized I fucked up.,,https://i.redd.it/aq0k7yvp6eaf1.jpeg
IndiaTech,https://old.reddit.com/r/IndiaTech/comments/1olnex0/my_sis_got_a_21_minute_unskippable_ad_on_youtube/,9032,535,My sis got a 21 minute unskippable ad on YouTube.,,https://i.redd.it/ou7smm67anyf1.jpeg
IndiaTech,https://old.reddit.com/r/IndiaTech/comments/1ijvuqq/friends_mouse_died_we_had_a_funeral/,8985,173,Friend's mouse died. We had a funeral,,https://i.redd.it/admbtitx5qhe1.jpeg
IndiaTech,https://old.reddit.com/r/IndiaTech/comments/1jlmy82/solid_advertisement/,8715,450,Solid Advertisement,OC,https://i.redd.it/uulv21u9ycre1.jpeg
IndiaTech,https://old.reddit.com/r/IndiaTech/comments/1mara24/old_telegram_is_everything_app/,8659,303,Old Telegram is everything app.,,https://i.redd.it/kf3tu29t5gff1.jpeg
IndiaTech,https://old.reddit.com/r/IndiaTech/comments/1ju2r14/when_phones_had_sould_before_touchscreen_took_over/,8504,223,When phone's had sould before touchscreen took over...,I miss the old days. At least back then every company put their own flavor into phone design. Now they‚Äôre all the same metal glass slab. In those days this made me fall in love with tech!,
IndiaTech,https://old.reddit.com/r/IndiaTech/comments/1omcbad/you_cant_disagree_with_this/,8439,589,You can't disagree with this,,https://i.redd.it/g1b46u6m3tyf1.jpeg
IndiaTech,https://old.reddit.com/r/IndiaTech/comments/1p0hpil/lol/,8347,73,LolüòÇ,,https://i.redd.it/7xgqzqnet12g1.png
IndiaTech,https://old.reddit.com/r/IndiaTech/comments/1poj1tl/rekhaji_thinks_too_much_about_us/,8312,93,RekhaJi thinks too much about us!,"take it as a meme, just like AiQ /s",
IndiaTech,https://old.reddit.com/r/IndiaTech/comments/1oou5mv/the_illusion_of_choice/,8069,520,The illusion of choice!!!,,https://i.redd.it/v8sktek9fdzf1.jpeg
IndiaTech,https://old.reddit.com/r/IndiaTech/comments/1hr3nvb/biker_tries_to_hide_number_plate_kerala_cop_pulls/,7731,276,"Biker tries to hide number plate, Kerala cop pulls out S24 Ultra camera",,
IndiaTech,https://old.reddit.com/r/IndiaTech/comments/1prhicd/once_you_try_gestures_theres_no_going_back_to/,7684,616,"once you try gestures, there's no going back to buttons",your take?,https://i.redd.it/jcudlws8sd8g1.jpeg
IndiaTech,https://old.reddit.com/r/IndiaTech/comments/1it7ov8/thats_some_user_experience/,7649,106,That's some user experience,,
IndiaTech,https://old.reddit.com/r/IndiaTech/comments/1pb3ktx/this_is_why_india_doesnt_innovate/,7640,490,This is why India doesn't innovate,"You know why our country doesn‚Äôt do much innovation? It‚Äôs because we actively discourage it instead of encouraging and applauding it.
This news about a 17-year-old boy from UP making a robot went viral, and suddenly every wannabe intellectual on social media started trolling him, saying it‚Äôs just a mannequin and questioning why the media is hyping it.
Well, no one was hyping it. No one said the boy made something on the level of Unitree‚Äôs humanoid robots. The point was that he was a below-middle-class boy from a village, studying in a simple school, and he still made that robot without any resources or formal training. He was completely self-taught.
Sure, it had no commercial use. But should kids only build something if it has commercial value? If a multibillion-dollar company made it and tried to sell it, the reaction would have been justified. But he wasn‚Äôt trying to sell it or anything.
Do you even know what your act of clowning on that boy and his robot does? It sends a message to millions of Indian children who are active on social media that if they create something that‚Äôs not state-of-the-art, people will troll them and laugh at them. It tells them that making things isn‚Äôt cool but roasting people who make imperfect things is what‚Äôs considered cool.
Why did the media cover this?
So you‚Äôre okay with the media covering fraud babas all day, but you have a problem when they cover a village boy‚Äôs rough, homemade project that could inspire many others like him? Even for that boy, a bit of encouragement might have pushed him to pursue higher studies in robotics or even start a robotics company in the future.
Something similar happened to a Karnataka boy who made a rough prototype of a drone taxi .People on the internet clowned on him too.
This is the reason talent leaves India. You people are very reason, while blaming everything else for it.",https://i.redd.it/3c1uwlqmui4g1.jpeg
IndiaTech,https://old.reddit.com/r/IndiaTech/comments/1h8mxae/indian_customers_are_too_easy_to_fraud/,7292,900,Indian customers are too easy to fraud,,https://i.redd.it/s0ozdja3kd5e1.jpeg
IndiaTech,https://old.reddit.com/r/IndiaTech/comments/1lb6k7k/what_the_fuck/,7232,424,What the fuck?,"Goa's tourism is already declining and yet the govt wants to support the local taxi mafia.
No wonder people are choosing other places over Goa for vacations.",https://i.redd.it/n91svrw5pv6f1.png
IndiaTech,https://old.reddit.com/r/IndiaTech/comments/1pc9ltc/whats_your_take_on_this/,7189,266,What‚Äôs your take on this?,,https://i.redd.it/ev93oeivus4g1.jpeg
IndiaTech,https://old.reddit.com/r/IndiaTech/comments/1kleuba/drop_some_alternatives/,7168,1049,Drop some alternatives,,https://i.redd.it/7xsbo4l4rh0f1.jpeg
IndiaTech,https://old.reddit.com/r/IndiaTech/comments/1ikgsx1/been_missing_it_too_much/,7096,176,Been missing it too much,,https://i.redd.it/1gq98zzwxuhe1.jpeg
IndiaTech,https://old.reddit.com/r/IndiaTech/comments/1hfjktz/isnt_this_practice_illegal/,7071,192,isn't this practice illegal?,,https://i.redd.it/1r2m4jhcu77e1.png
IndiaTech,https://old.reddit.com/r/IndiaTech/comments/1o9le6t/google_is_the_internet_right/,6983,190,Google is the Internet - Right?,,https://i.redd.it/b5xaxv2xhsvf1.jpeg
IndiaTech,https://old.reddit.com/r/IndiaTech/comments/1l3sajg/what_are_some_tech_devices_apps_you_think_people/,6932,359,What are some tech devices/ apps you think people take for granted?,,https://i.redd.it/slqmr3poz15f1.jpeg
IndiaTech,https://old.reddit.com/r/IndiaTech/comments/1k6ify0/still_going_strong_with_it/,6928,84,Still going strong with it.,,https://i.redd.it/ayesyr8qbpwe1.jpeg
IndiaTech,https://old.reddit.com/r/IndiaTech/comments/1ii5cob/what_this_bollywoodiyas_have_to_do_with_ai/,6885,132,What this bollywoodiyas have to do with AI?,,https://i.redd.it/1m7zoyta4ahe1.jpeg
IndiaTech,https://old.reddit.com/r/IndiaTech/comments/17aj16l/these_guys_set_up_a_virtual_reality_center_in_a/,6847,170,These guys set up a Virtual reality center in a village in Karnataka,,
IndiaTech,https://old.reddit.com/r/IndiaTech/comments/1pdqyai/deep_down_we_all_know_google_trained_its_image/,6778,129,Deep down we all know Google trained its image generation AI using Google Photos‚Ä¶ but we just can‚Äôt prove it.,"I swear every time I see a new AI image from Google, there‚Äôs this weird d√©j√† vu moment.
The poses, the lighting, the random vacation-style smiling family‚Ä¶ it‚Äôs like my old Google Photos library got reincarnated as a model weight.
Like let‚Äôs be real:
Google collected billions of ultra-high-quality images for over a decade, neatly labeled with dates, faces, locations, context, even automatic tags. We all happily fed it our pets, sunsets, food pics, wedding albums, baby photos, memes‚Ä¶ and Google said: ‚ÄúThanks, we‚Äôll improve Search ‚ò∫Ô∏è‚Äù.
Fast forward to 2024‚Äì2025 and suddenly Google‚Äôs image generation is skipping ahead like it has the entire world‚Äôs photo history as a training ground.
But of course, they‚Äôll never admit it.
Terms & Conditions? ‚ÄúWe do not use your photos for advertising.‚Äù
Cool, but AI training isn‚Äôt advertising.
Deep down we all know what happened‚Ä¶
but we just can‚Äôt prove it.
(Edit using Chatgpt)",https://i.redd.it/dcbyrqrba45g1.png
IndiaTech,https://old.reddit.com/r/IndiaTech/comments/1iptno2/might_be_90_hours_work_designer/,6787,69,Might be 90 hours work designer,,
IndiaTech,https://old.reddit.com/r/IndiaTech/comments/16xomx4/rayban_meta_smart_glasses_the_future_is_here/,6614,245,"Ray-Ban Meta smart glasses, The future is here.",,
IndiaTech,https://old.reddit.com/r/IndiaTech/comments/1hmmlsk/good_old_days/,6547,204,Good Old Days...!!,,https://i.redd.it/4bl7b0poi69e1.png
IndiaTech,https://old.reddit.com/r/IndiaTech/comments/1lvg3j3/utorrent_and_vlc/,6514,125,UTORRENT AND VLC.,,https://i.redd.it/cgtb955x0ubf1.jpeg
IndiaTech,https://old.reddit.com/r/IndiaTech/comments/1hx4x76/top_10_betrayals_of_all_time/,6418,59,Top 10 betrayals of all time,,https://i.redd.it/xeu3nhcadwbe1.png
IndiaTech,https://old.reddit.com/r/IndiaTech/comments/1hyrfzi/ordered_a_cheap_earphone_got_this_with_it_they/,6349,296,Ordered a cheap earphone & Got this with it. They think they can bribe me for 5 star rating.,"The sound quality was pretty great, I give it a 5/5.",https://i.redd.it/23mw5188qbce1.jpeg
IndiaTech,https://old.reddit.com/r/IndiaTech/comments/1oiv10l/_/,6333,34,:),,https://i.redd.it/8zg5h8yw7zxf1.png
IndiaTech,https://old.reddit.com/r/IndiaTech/comments/1i3bjax/checkmate_google/,6297,258,Checkmate Google,,
IndiaTech,https://old.reddit.com/r/IndiaTech/comments/1ofvxcv/alakh_pandey_sirs_reply_to_raspberrypi_controversy/,6221,330,Alakh Pandey Sir's Reply to Raspberry-Pi Controversy,,
IndiaTech,https://old.reddit.com/r/IndiaTech/comments/1lgrrjy/indian_techie_says_worklife_balance_is_a_reality/,6196,352,Indian techie says 'Work-Life Balance is a Reality' in Sweden: 'We wrap up by 4pm.',And then we hear news from states like Karnataka where they are increasing work hours,
IndiaTech,https://old.reddit.com/r/IndiaTech/comments/1lw33s8/grok_is_with_us_guys/,6132,120,Grok is with us guys üòÖ,,"['https://preview.redd.it/duolrp0jzybf1.jpg?width=108&crop=smart&auto=webp&s=42948b904abc9ca44cbd6e4bdb1471e347f6a71a', 'https://preview.redd.it/uuhi1j0jzybf1.jpg?width=108&crop=smart&auto=webp&s=39dc87761a3fc98458f17dbd4fd7180c2c38e095']"
IndiaTech,https://old.reddit.com/r/IndiaTech/comments/1opmnt3/can_someone_explain_in_simple_terms_why_this/,6139,542,Can someone explain in simple terms why this happens?,,https://i.redd.it/5ydkyilwpjzf1.png
IndiaTech,https://old.reddit.com/r/IndiaTech/comments/1k8593f/i_couldnt_think_of_a_funny_caption_mb/,6098,51,I couldn't think of a funny caption mb,,https://i.redd.it/sii1v3dm24xe1.jpeg
IndiaTech,https://old.reddit.com/r/IndiaTech/comments/1etg4be/googles_add_me_take_one_with_the_group_then_swap/,6093,239,"Google's 'Add Me' - Take one with the group, then swap in the photographer and both pictures will be merged together",,
IndiaTech,https://old.reddit.com/r/IndiaTech/comments/1hipsi3/what_do_you_guys_think/,6066,231,What do you guys think?,,https://i.redd.it/hj033zsan18e1.jpeg
IndiaTech,https://old.reddit.com/r/IndiaTech/comments/1nbq9lb/advanced_innovation/,6029,204,Advanced Innovation,,https://i.redd.it/l5wc49u4iynf1.jpeg
IndiaTech,https://old.reddit.com/r/IndiaTech/comments/1k9ow8d/always_use_original_products/,6009,67,Always use original products!,,https://i.redd.it/b7f6pm4drixe1.jpeg
IndiaTech,https://old.reddit.com/r/IndiaTech/comments/1o5bigb/finally_we_got_a_great_feature_in_gmail/,5999,67,Finally we got a great feature in gmail,"Source:
https://x.com/Cartidise/status/1977269142320279805",https://i.redd.it/b190025jhtuf1.png
IndiaTech,https://old.reddit.com/r/IndiaTech/comments/1p1z9l5/legacy_will_continue/,5922,76,legacy will continue.,,https://i.redd.it/bxizl7z5xd2g1.jpeg
IndiaTech,https://old.reddit.com/r/IndiaTech/comments/1hrwvwz/ghadi_china_se_video_usa_se/,5917,246,"Ghadi China se, Video USA se",,https://i.redd.it/jmr9c452slae1.jpeg
IndiaTech,https://old.reddit.com/r/IndiaTech/comments/1nt7slf/they_murdered_my_boi/,5909,129,They murdered my boi,,https://i.redd.it/llpb2sbxw0sf1.jpeg
IndiaTech,https://old.reddit.com/r/IndiaTech/comments/1fr5vqi/i_feel_bad_for_him_though/,5895,204,i feel bad for him though,,https://i.redd.it/zj8f5fdn3hrd1.jpeg
IndiaTech,https://old.reddit.com/r/IndiaTech/comments/1jgh4zd/i_had_enough_of_this_bhaiyadidi_teachers_so_i_got/,5803,193,"I had enough of this bhaiya-didi teachers, so I got Narendra Modi to teach me programming",,https://i.redd.it/ugfqva92r1qe1.png
IndiaTech,https://old.reddit.com/r/IndiaTech/comments/1foqial/damn_marques/,5622,252,Damn Marques,,https://i.redd.it/cmeptl95duqd1.jpeg
IndiaTech,https://old.reddit.com/r/IndiaTech/comments/1nw0062/galaxy_ai_scroll_for_the_original_picture/,5516,335,Galaxy AIüíÄ | Scroll for the original picture,,"['https://preview.redd.it/167kc8dddosf1.jpg?width=108&crop=smart&auto=webp&s=e1f297e998ccfabf8ab41a9dec17187c5489f587', 'https://preview.redd.it/kp6jn8dddosf1.jpg?width=108&crop=smart&auto=webp&s=c711507158b08221405eec4f00c651ea63de64ca']"
IndiaTech,https://old.reddit.com/r/IndiaTech/comments/1i5t8ny/did_not_know_that_the_s24_ultra_could_zoom_so/,5494,79,Did not know that the S24 ultra could zoom so well in video too...,,
IndiaTech,https://old.reddit.com/r/IndiaTech/comments/1ira6wo/trai_bans_ten_digit_mobile_numbers_for/,5490,129,TRAI bans ten digit mobile numbers for telemarketing,,https://i.redd.it/u6gpfhg99mje1.png
IndiaTech,https://old.reddit.com/r/IndiaTech/comments/1gojwf0/how_many_people_actually_use_brave/,5480,717,How many people actually use Brave?,,https://i.redd.it/qpp9wezj970e1.png
IndiaTech,https://old.reddit.com/r/IndiaTech/comments/1ildkox/they_are_legends/,5425,149,They are legends!,,https://i.redd.it/vawaktnaw3ie1.jpeg
IndiaTech,https://old.reddit.com/r/IndiaTech/comments/1812tjl/imagine_how_this_will_be_in_1020_years_time/,5323,386,Imagine how this will be in 10-20 years time,,
IndiaTech,https://old.reddit.com/r/IndiaTech/comments/1jpf987/the_first_ever_google_pixel_made_in_india/,5279,136,The first ever Google Pixel made in India,,https://i.redd.it/ceqsh89eccse1.jpeg
IndiaTech,https://old.reddit.com/r/IndiaTech/comments/1j6davv/hows_mukesh_ambani_going_to_update_the_logo_on_my/,5237,169,How's mukesh Ambani going to update the logo on my tv remote?,Few things can't be changed. One of them is hotstar logo on my tv remote. Didn't Ambani thought of it?  Is there a way he can retrofit the logo? he might want to give free remotes with update logo.,https://i.redd.it/09wox64qlfne1.png
IndiaTech,https://old.reddit.com/r/IndiaTech/comments/1llmmlb/more_users_than_population/,5227,49,More users than population,,
IndiaTech,https://old.reddit.com/r/IndiaTech/comments/1nnbhvl/chatgpt/,5197,56,Chatgpt ü•≤,,https://i.redd.it/6ym7ydz5umqf1.jpeg
IndiaTech,https://old.reddit.com/r/IndiaTech/comments/1e1cafs/at_what_age_did_you_get_your_first_smartphone/,5130,524,At what age did you get your first Smartphone? What was it ?,,
IndiaTech,https://old.reddit.com/r/IndiaTech/comments/1o7vrrb/twitter_user_made_an_opposite_of_adblocker/,5097,61,Twitter user made an opposite of adblocker.,,https://i.redd.it/hlkucik38evf1.jpeg
IndiaTech,https://old.reddit.com/r/IndiaTech/comments/1orlid2/all_got_partners_cmon_do_something_vi/,5061,210,"All got partners, c'mon, do something VI",,https://i.redd.it/dm5hrl5q800g1.png
IndiaTech,https://old.reddit.com/r/IndiaTech/comments/185pnky/ai_film_making_are_about_to_become_incredible/,4999,90,AI & film making are about to become incredible,,
IndiaTech,https://old.reddit.com/r/IndiaTech/comments/1jzig45/sad_state_of_indian_startups/,4990,204,Sad state of Indian Startups.,,
IndiaTech,https://old.reddit.com/r/IndiaTech/comments/1p0a2m4/is_cloudflare_down_every_where/,4952,805,Is Cloudflare down every where?,"Does anyone know the reason why it's down almost every where??? ü§î ‚ùì
It's been more than 20mins since I first saw this error.
Most of the websites using Cloudflare are down ü§îü§î","['https://preview.redd.it/15mg2gsf902g1.png?width=108&crop=smart&auto=webp&s=de77512e244ae448ade093b588ccf88cbfe050f3', 'https://preview.redd.it/d9crqr2g902g1.png?width=108&crop=smart&auto=webp&s=fa6fd018ce2876c76e8b8c2d325153c7ea651c6e']"
IndiaTech,https://old.reddit.com/r/IndiaTech/comments/1kn41v3/its_high_time_india_should_start_their_own/,4854,541,Its high time India should start their own startup now,,https://i.redd.it/ogbee4751x0f1.png
IndiaTech,https://old.reddit.com/r/IndiaTech/comments/1iehhi3/freaky_deepseeek/,4856,75,Freaky deepseeek,,https://i.redd.it/gs4jektsmcge1.jpeg
IndiaTech,https://old.reddit.com/r/IndiaTech/comments/1mcj9jz/gaslighting_began_here/,4849,67,Gaslighting began here.,,https://i.redd.it/6ptykdztvuff1.jpeg
IndiaTech,https://old.reddit.com/r/IndiaTech/comments/1nclzo2/i_love_open_source_software/,4812,164,I love open source software,,https://i.redd.it/okpgp8ulq5of1.jpeg
IndiaTech,https://old.reddit.com/r/IndiaTech/comments/1p5dx6t/the_story_behind_why_netflix_built_fastcom/,4758,82,the story behind why netflix built fast.com,https://x.com/the2ndfloorguy/status/1992704364289618217,https://i.redd.it/21tfk360q63g1.png
IndiaTech,https://old.reddit.com/r/IndiaTech/comments/1on18u4/when_you_finally_realize_every_new_browser_is/,4763,277,When you finally realize every ‚ÄòNew browser‚Äô is just a Chromium skin except Firefox,,https://i.redd.it/dq2icx54nyyf1.jpeg
IndiaTech,https://old.reddit.com/r/IndiaTech/comments/1pjt657/sorry_but_this_my_exact_same_experience/,4724,301,Sorry but this my exact same experience,,https://i.redd.it/s5fm7ok1lj6g1.jpeg
IndiaTech,https://old.reddit.com/r/IndiaTech/comments/1kajzay/bengaluru_guy_uses_chatgpt_in_kannada_to_bargain/,4718,159,Bengaluru Guy uses chatgpt in Kannada to bargain with the auto driver.,,
IndiaTech,https://old.reddit.com/r/IndiaTech/comments/1kzlbrx/first_made_in_india_chip_rolling_out_this_year/,4718,393,First made in India chip rolling out this year.,,https://i.redd.it/nfxhp9f2u04f1.jpeg
IndiaTech,https://old.reddit.com/r/IndiaTech/comments/1j7y47n/this_new_emoji_has_so_much_potential/,4727,226,This new emoji has so much potential,,https://i.redd.it/zmqjn5782vne1.jpeg
IndiaTech,https://old.reddit.com/r/IndiaTech/comments/1f01srr/yeah_its_true/,4667,72,Yeah its True ??,,https://i.redd.it/bqeuhmng5lkd1.jpeg
IndiaTech,https://old.reddit.com/r/IndiaTech/comments/1pld3xj/yeah_fcuk_them_me_a_chatgpt_go_user/,2588,120,Yeah fcuk them (me a ChatGPT Go user),I'm still running strong with my 2020 pixel 4a üòîüòî,https://i.redd.it/667n5qfrkw6g1.png
